Impact_Score,Valence,Arousal,Emotion
5,5.708978403134,4.446299341442522,slightly serene
5,3.4521052631578946,4.26655357142857,moderately depressed
8,6.968548321577607,5.529954886963965,happy
7,6.265197970707807,4.345133418306866,moderately serene
12,5.528754280158128,5.054412888791945,slightly happy
4,5.933028191016552,4.247827931318433,moderately serene
6,5.9756416436222715,5.283741444711739,moderately happy
4,5.36583393153918,4.785148780168588,slightly serene
6,5.479731155597311,4.988930471301913,slightly contented
5,5.837911761139553,5.00033723044596,slightly happy
4,5.475033091000317,3.8631957191607293,moderately relaxed
5,5.27337092625011,4.788310050273814,slightly serene
9,5.335984367466519,5.032364706726578,slightly happy
8,5.942338308457712,5.6859322033898305,moderately elated
7,6.655671641791045,5.8497215777262195,moderately elated
6,5.897981651376146,5.715308056872038,moderately elated
7,7.017635467980297,5.476322580645161,happy
6,6.040006693593287,5.805194517990246,moderately elated
6,6.04820461516847,4.49725747068006,moderately serene
5,6.631256544502618,5.235877378435518,moderately happy
6,4.709141409376052,5.114505105203414,slightly stressed
6,4.426815274732096,4.9303968948027395,slightly sad
5,4.606867146061775,4.3012281414081786,slightly lethargic
20,5.353662002004069,5.228629075892898,slightly elated
12,5.994039190014236,4.7340337869795786,moderately contented
14,2.4302666666666664,5.864413407821228,stressed
4,4.410418138628329,4.905812803234602,slightly sad
5,6.15806356103563,4.399899922755181,moderately serene
5,6.317623768460057,5.505422661776267,moderately elated
9,5.531098038317268,4.927129087367683,slightly contented
7,5.374355332328823,5.001385451804783,slightly happy
4,3.775253016772721,4.197163684774491,moderately depressed
5,5.352509748093663,4.902438226564296,slightly contented
6,6.14632339620633,4.8345122814180135,moderately contented
9,5.563826815642458,3.9624822695035453,moderately relaxed
5,5.240079286373145,4.79566309352027,slightly serene
9,6.035759396155941,4.7287071164566425,moderately contented
6,4.191614349775785,4.344100418410041,moderately depressed
5,4.401870503597123,6.32130820399113,moderately nervous
4,6.342593629960196,4.486922815394053,moderately serene
22,7.38,4.92,contented
12,5.44323998022311,4.508605702019558,slightly relaxed
5,6.481663460966324,4.293450274019579,moderately serene
5,4.903453323820141,5.00738251490661,slightly upset
15,5.136574824419233,5.785352412233471,slightly alert
17,5.401343762960439,4.814374886017485,slightly serene
5,5.91098976109215,4.463148558758315,moderately serene
6,5.780102361985116,4.487666784612847,slightly serene
6,6.156079385915499,5.5309094763632185,moderately elated
6,6.28082931352613,4.539940006011172,moderately serene
5,5.033355611411931,4.660808064636198,slightly calm
5,5.7996014654572905,4.650464960499704,slightly serene
4,5.705221077731487,5.4397370268309615,slightly elated
10,4.14,6.38,moderately nervous
5,5.927688772451025,5.094326571122489,slightly happy
5,6.55,3.38,relaxed
9,5.740005173281878,5.660660949443691,slightly elated
6,6.671230541461973,4.884185869914575,moderately contented
4,6.822779889361381,4.000545155642655,serene
6,5.983280146999424,4.614984406333282,moderately serene
5,5.56284963457791,4.844074466763908,slightly contented
6,5.68940170940171,5.576715176715176,slightly elated
6,5.562783822500171,4.678897217876259,slightly serene
4,5.742605459057072,4.314285714285715,slightly serene
13,5.945375402659618,4.073306367553944,moderately serene
6,6.2216930057655055,4.566545618543882,moderately serene
15,5.953179725444508,4.8006246542016076,slightly contented
10,5.248550101914745,4.939737735834859,slightly contented
10,5.092365946132257,5.285294830903867,slightly alert
5,5.679454587120922,4.5962608882675555,slightly serene
4,6.359332382493839,4.667162901928244,moderately contented
7,6.111734379982269,4.6370907881805685,moderately contented
5,7.3194920634920635,4.496711798839459,contented
8,5.781137496450648,4.553115141074965,slightly serene
9,5.980526116046504,4.930549872286756,slightly contented
4,5.602447890535918,3.897688597725172,moderately relaxed
4,6.27711057172551,4.821158788045234,moderately contented
10,5.926660692154493,4.757086266451682,slightly contented
4,5.24,4.56,slightly relaxed
12,5.386981007636472,5.125924086683188,slightly happy
10,5.898564149097505,4.2874656706961805,moderately serene
25,6.04,4.8,moderately contented
5,5.201138827164547,4.783253057389292,slightly relaxed
11,5.6,4.25,slightly relaxed
5,5.211649049806611,4.45844204462436,slightly relaxed
4,6.660946291560101,5.224198312236286,moderately happy
9,5.535010509971988,4.843482472062503,slightly contented
6,5.887068636853224,5.148144672175574,slightly happy
5,6.000858617571316,4.870700251375701,moderately contented
23,6.95,4.29,serene
4,5.146854338125374,4.633333188569457,slightly relaxed
4,5.781605888813882,4.437252190755454,slightly serene
6,5.613152449038586,5.174388553978528,slightly happy
7,5.292192044377662,5.693971058611661,slightly excited
8,5.850197763957418,5.245275980313175,slightly happy
7,5.175228716402496,4.866008778911331,slightly serene
8,4.016885245901639,4.139655831739962,moderately depressed
21,7.767887323943663,5.860666666666665,happy
6,5.72204081632653,3.8999797979797988,moderately relaxed
4,4.161033553942962,5.267744383873774,slightly upset
6,6.083756661453789,4.352982272072645,moderately serene
4,5.227655737517523,4.763328300098968,slightly relaxed
8,5.967041032354699,5.036051021456147,slightly happy
5,6.860068524956389,3.9573968496211918,serene
4,5.223761384264715,4.972019455756646,slightly contented
5,5.963433274811088,4.282983638079244,moderately serene
5,6.334252631578947,3.782376444494447,moderately serene
6,5.483363506912298,4.856503987440752,slightly contented
5,5.558704397635084,4.9099836250760145,slightly contented
17,5.560129083726199,4.712690625858245,slightly serene
5,6.912739569754334,4.035176165767553,serene
5,6.216241528049298,4.583976911392884,moderately serene
5,4.612824427480916,4.913910256410256,slightly sad
16,5.491866367285353,4.943738523259106,slightly contented
16,6.665051595498388,4.841371802360589,moderately contented
4,5.214989157917058,4.992772325880483,slightly contented
16,7.44,4.4,contented
5,7.033820895522388,4.456552462526766,contented
15,4.115492431352735,4.829023156430608,slightly sad
4,5.290503922706104,5.030211932475199,slightly happy
4,5.998905872868816,4.330479037038607,moderately serene
6,5.598157383274006,4.676373717057079,slightly serene
9,4.8467842714598435,4.987506592654203,slightly sad
5,7.1399694903380615,3.8095589457389174,serene
10,5.737232063674157,4.7448579523586725,slightly serene
9,5.765594079441846,4.718645773832558,slightly serene
11,5.305135534272585,5.0060855231385295,slightly happy
11,5.38696935574331,4.8504968576900955,slightly serene
6,6.262541074818024,4.875635781374785,moderately contented
5,5.651532860220787,5.156916424566283,slightly happy
5,5.032649229679012,4.587733119051385,slightly calm
7,5.08816861484278,4.610448184483151,slightly calm
25,6.040665813444843,4.44845676476382,moderately serene
8,5.764872296119478,4.6342562453258465,slightly serene
6,5.615291730218494,4.357058140236733,slightly relaxed
5,6.137095201700353,4.5407688227549645,moderately serene
13,6.599950751922423,4.490608955376307,moderately contented
10,5.028782207089122,4.860444915741132,slightly calm
12,5.803611933966282,3.761871288306717,moderately relaxed
4,5.432711123404183,4.8091603211202365,slightly serene
5,5.440797676716791,5.09701687887362,slightly happy
6,5.318295222582867,5.334336090918918,slightly excited
29,5.643548404566344,4.317538087028275,slightly relaxed
14,6.802940681025147,4.057049020668758,moderately serene
4,5.331405852981808,4.916930031300178,slightly contented
15,5.234195289375655,4.701958060734966,slightly relaxed
7,3.798447543666836,3.776101956321172,moderately lethargic
5,5.7747684516769935,4.52897055084772,slightly serene
7,5.927914761443307,4.247228764054261,moderately serene
5,6.555786526272567,4.240842493813521,moderately serene
5,6.495856732070749,3.8622267929096177,moderately serene
12,5.328598819469218,4.701739285283658,slightly serene
4,5.96,4.2,moderately serene
5,5.939424083769634,4.4625369978858345,moderately serene
4,5.580500782619481,4.875504408243012,slightly contented
6,4.966326970400857,5.189623970040547,slightly tense
12,5.232000895054036,4.469428760470886,slightly relaxed
7,5.010318073025328,5.405620543570478,slightly alert
4,7.47,5.43,happy
8,4.441991902817836,4.806614433090697,slightly depressed
5,4.64586955793827,4.950358696572238,slightly sad
7,5.651965586026403,4.8128606526021525,slightly contented
21,5.259117647791997,4.7720922136982695,slightly serene
36,5.223291199984153,4.914974701422923,slightly serene
7,6.259967559811972,4.288142413659847,moderately serene
7,6.259967559811972,4.288142413659847,moderately serene
6,5.7,6.1,moderately excited
22,5.8111762251742585,4.346109529052862,moderately serene
4,4.5292450568899945,4.123124311573368,slightly lethargic
9,5.634073382849703,4.118536705244261,moderately relaxed
28,6.038994485890367,5.098447333648717,moderately happy
9,6.433161210473569,4.433441925476693,moderately serene
4,5.41107772555625,3.3427266036510566,moderately calm
13,6.2691445838502915,4.659591058612793,moderately contented
10,6.057802333478283,4.455758279422377,moderately serene
8,5.442365591397849,4.275738281822773,slightly relaxed
5,5.813962255836889,4.55521003235153,slightly serene
20,5.928407821874447,4.861982723967767,slightly contented
14,2.98,6.41,stressed
6,5.1223112066177965,5.060174335696439,slightly elated
4,6.054617434740599,4.102513599074705,moderately serene
7,6.38,4.76,moderately contented
9,5.812265612863281,5.3286789650486,slightly elated
6,6.83126982916403,4.483252383187181,moderately contented
4,5.528753305509124,4.470753021677226,slightly relaxed
6,2.08,7.49,very stressed
9,5.817573802426091,4.275127093205367,moderately serene
4,5.740568623879182,4.422929742356852,slightly serene
6,5.604499102387353,4.3791959478142335,slightly relaxed
6,4.246223191172273,5.314614831023303,slightly stressed
6,5.794606784555004,4.712096416534651,slightly serene
7,5.787356497955369,4.1706688023792164,moderately relaxed
4,5.4829552582808585,4.9033866756218,slightly contented
17,5.6481355932203385,4.350992045176879,slightly relaxed
5,6.067285714285714,5.519907407407408,moderately elated
15,5.9802850356294535,3.079947229551451,relaxed
8,3.6164705882352948,4.7443167028199555,moderately sad
16,5.900632064410047,4.539480749979951,moderately serene
13,6.47472972972973,4.752637215528781,moderately contented
16,6.797419354838709,5.849839679358718,moderately elated
7,5.150300225462483,5.257570640797035,slightly excited
7,4.017649484536083,6.025661080074488,moderately nervous
24,4.883923076923077,5.756305309734515,slightly tense
6,3.734014330932629,4.875008545133279,moderately sad
9,5.964328098795606,4.235669244805843,moderately serene
8,3.8142307692307686,5.075489346968937,moderately upset
13,6.484515791637907,5.521785496677698,moderately elated
12,5.095981800814896,5.109795514979737,slightly excited
10,5.5164056922394895,4.2970283783384104,slightly relaxed
14,6.48,3.88,moderately serene
15,4.967697279846868,4.6418844298026265,slightly bored
7,5.233935556595538,4.800062716049359,slightly serene
8,5.064661180271383,4.655648901659055,slightly calm
14,6.38,4.15,moderately serene
5,3.19,5.95,moderately stressed
19,4.948981974191832,5.2721496386566535,slightly tense
6,5.275945766699038,5.023687269616654,slightly happy
9,3.270756581423073,5.402080528550412,moderately upset
6,5.145574901774743,4.399257549977124,slightly calm
11,3.9498788126291426,5.164808263363647,moderately upset
6,4.973926633383981,5.425270910181628,slightly tense
18,6.660377561021141,4.104137467952631,moderately serene
10,5.431835446542013,5.7004874775187755,slightly excited
4,4.533684973800064,4.910463251851614,slightly sad
4,5.42,6.21,moderately excited
4,5.906669250920948,5.351545446182272,slightly elated
5,5.2023681024965684,4.974005221580446,slightly contented
6,6.003613902888577,5.012805855921664,moderately happy
4,6.048899343491121,4.9590618678237375,moderately contented
16,5.546643180439549,5.078005046285169,slightly happy
6,4.812734365417703,5.185868467377492,slightly stressed
5,3.8290884962463028,4.840019772056435,moderately sad
8,6.864270920656836,4.453874017768369,moderately contented
5,5.316567104829147,4.787989715702209,slightly serene
7,5.582830467819271,4.733140257014055,slightly serene
4,5.648107024930447,4.403574312932342,slightly serene
5,5.126422764227642,4.466113207547169,slightly calm
6,3.3884547225538864,5.462996024553146,moderately upset
13,5.224449388209122,4.274113503995666,slightly calm
11,7.08,5.55,happy
7,5.294696250087825,4.932346023544783,slightly contented
7,5.046615287283602,4.395516356638871,slightly calm
7,5.55,5.52,slightly elated
5,5.109945935810494,5.2624247089773535,slightly excited
6,6.344923076923077,4.147557603686636,moderately serene
5,6.3489964157706105,5.095961538461538,moderately happy
6,5.320245472196675,4.804135939330881,slightly serene
4,5.150980104977192,4.862330082232917,slightly serene
10,5.189148911783967,5.398400825187736,slightly excited
7,5.027560975609757,3.887373509450992,moderately calm
9,5.692648331563117,4.7063816830353655,slightly serene
4,5.529763209440211,4.999042842122632,slightly contented
4,4.858782448244168,5.205852319606975,slightly nervous
13,6.370910213929496,4.791162777538213,moderately contented
12,3.34,3.41,depressed
6,4.309264132951005,5.9968701433512885,moderately nervous
15,5.531974061544511,5.457913221099208,slightly elated
13,4.77745042170381,5.010467042049232,slightly upset
11,7.265005015045136,4.578007089144334,contented
12,6.27,3.9,moderately serene
19,6.14,3.67,moderately relaxed
4,6.252195926051427,4.87495064774046,moderately contented
9,4.147359945598393,5.08303857858604,slightly upset
5,3.695146666666666,5.178515769944342,moderately upset
15,5.001914704861335,4.770835922308397,slightly calm
13,6.223856697464992,4.461977224920368,moderately serene
10,4.194795126646691,4.756189660323973,slightly sad
8,5.322192731533985,4.315651571245232,slightly relaxed
14,5.350886689967879,4.491944308744504,slightly relaxed
7,6.094802523552813,5.000059667827911,moderately happy
7,5.4266630887358795,4.625057373244489,slightly serene
7,4.959860876641739,5.24710088315844,slightly tense
11,5.663320453205842,5.169317967126393,slightly happy
6,5.306815322024855,5.468887288503255,slightly excited
6,4.587531578936167,5.160215002231167,slightly stressed
10,5.298287848496805,4.428372695312831,slightly relaxed
8,5.29900866756069,5.214122632092662,slightly elated
10,5.284015664917114,5.312488286253097,slightly excited
4,4.864285894661738,5.093828740983129,slightly stressed
9,5.968217449456327,4.36690738897152,moderately serene
11,1.6095092024539877,5.419550781250001,very upset
30,6.920942626929423,4.521534569983136,moderately contented
9,5.51632168668078,4.8250494377108755,slightly serene
16,6.189433333333334,4.498385650224215,moderately serene
5,5.009146110056927,4.9894081770950995,slightly relaxed
4,7.100267857142856,3.4828865979381445,serene
10,5.562707750546157,4.705814573312547,slightly serene
11,5.569180447565419,4.731514665772306,slightly serene
15,6.9446153846153855,3.400611620795107,serene
20,4.567976744186047,5.031124260355029,slightly upset
9,5.723477548842152,4.938796840281054,slightly contented
18,6.65,3.73,moderately serene
7,4.245988990894925,4.760779621002468,slightly sad
8,5.366347036465294,4.016624320678837,moderately relaxed
10,4.866290801186944,3.9713757700205337,moderately bored
6,4.149618768328446,4.881463414634146,slightly sad
24,8.29,6.11,very elated
20,5.68,5.41,slightly elated
4,5.556944177049095,4.824911937984224,slightly contented
15,5.085320019875623,4.680724423914161,slightly calm
13,6.337607507180294,4.127768290346649,moderately serene
5,5.320678006711659,3.914797673439039,moderately calm
6,6.5,3.86,moderately serene
4,4.959698419811266,4.873069094749394,slightly bored
13,6.110808785542649,4.708844573811424,moderately contented
4,5.15108921193573,4.285936921765698,slightly calm
7,5.120997454100292,5.1757534060289565,slightly excited
50,4.333148148148148,6.648962536023056,moderately nervous
8,5.677100371747211,4.194449064449064,moderately relaxed
6,4.730806665865702,4.881437897409644,slightly depressed
7,6.58,3.67,moderately serene
4,4.719181555752264,4.775330824873237,slightly depressed
4,5.433819504190786,4.7041303216546675,slightly serene
4,6.063941368078176,3.8892341356673965,moderately relaxed
4,6.73840206185567,4.807718631178707,moderately contented
14,6.63,5.41,moderately happy
15,5.487793696275071,4.833047619047619,slightly serene
20,6.500972972972972,4.16183266932271,moderately serene
4,5.6330647105664795,4.5675551904511,slightly serene
8,6.61,4.97,moderately contented
5,5.55,4.25,slightly relaxed
5,6.288571428571428,4.274468085106383,moderately serene
4,2.463096774193548,5.451158301158301,upset
8,6.82,3.24,serene
6,5.680888865225535,4.121243024312427,moderately relaxed
4,6.302697121650937,4.764864845737296,moderately contented
7,6.95,3.95,serene
9,5.842076582697242,4.212382817954725,moderately serene
7,6.644657748435438,4.379203561066645,moderately serene
9,6.729051383399208,5.486326530612244,moderately happy
8,4.038094876581859,5.138422424562864,slightly upset
6,6.061989142648435,4.81387401329861,moderately contented
14,4.892036394790039,4.064873331657966,slightly bored
5,3.105,6.007933884297522,stressed
5,5.382163978688626,4.522363157729547,slightly relaxed
7,5.211028414194547,4.590108377611743,slightly relaxed
4,6.350744591177297,4.525357600332709,moderately serene
4,3.11,4.0,depressed
11,6.64,3.48,serene
13,4.5630476190476195,4.577773019271948,slightly depressed
4,4.714291799685613,5.487757461852903,slightly nervous
5,2.4760579723778746,4.9697376268289055,sad
26,6.68,5.3,moderately happy
4,4.0442435112757975,5.2021902180233965,slightly upset
