Impact_Score,Sentiment_Score
1.0,0.0
1.0,-0.8176
0.0,0.0
3.0,0.2023
2.0,0.7212
1.0,-0.4215
2.0,-0.6484
1.0,0.7817
3.0,-0.7003
1.0,0.0
1.0,0.0
5.0,0.4215
1.0,0.0
1.0,-0.5423
1.0,0.3182
2.0,0.3182
1.0,0.9733
1.0,0.0
1.0,0.0
0.0,0.0
1.0,0.4404
1.0,0.0
1.0,0.0
1.0,0.0
3.0,0.6597
1.0,0.4588
1.0,-0.4767
1.0,0.5574
5.0,-0.8316
1.0,0.34
1.0,0.0
1.0,0.0
1.0,0.0
8.0,0.6597
1.0,0.0
1.0,-0.6249
1.0,0.4019
1.0,0.4404
1.0,-0.5423
1.0,0.0
2.0,0.6808
1.0,0.0
-3.0,-0.7351
7.0,0.0
2.0,0.0
12.0,-0.9512
-1.0,0.0
4.0,0.6997
0.0,0.7717
3.0,-0.0772
2.0,0.25
6.0,0.9442
1.0,0.0
0.0,0.0
1.0,-0.2003
0.0,-0.6705
2.0,0.4215
0.0,-0.0237
0.0,-0.3283
1.0,0.5574
1.0,0.3182
1.0,0.4767
1.0,-0.9524
1.0,-0.987
0.0,-0.7845
1.0,-0.7203
1.0,0.1027
1.0,0.0
1.0,-0.1531
0.0,-0.926
1.0,0.0
0.0,-0.4588
0.0,-0.2023
0.0,-0.2732
0.0,-0.2263
1.0,0.0
1.0,-0.5423
4.0,-0.5574
1.0,-0.7845
2.0,-0.296
3.0,-0.1027
1.0,0.6369
1.0,0.3612
1.0,0.3182
1.0,-0.0516
2.0,0.0
2.0,0.9373
2.0,-0.3818
2.0,0.8934
2.0,0.886
3.0,0.4939
1.0,-0.296
1.0,0.0
1.0,0.7645
1.0,0.296
1.0,-0.4939
1.0,0.8176
2.0,0.0
1.0,0.0
3.0,0.4019
18.0,0.0
1.0,0.8748
1.0,0.0
3.0,0.6486
3.0,0.0
1.0,0.0
0.0,-0.5106
-2.0,-0.6808
-2.0,0.0
-5.0,0.0
-2.0,-0.8442
6.0,0.0
0.0,-0.9705
1.0,0.0
1.0,0.5423
1.0,0.9188
1.0,0.296
1.0,-0.1779
2.0,0.6808
1.0,0.4019
5.0,0.8979
1.0,-0.5584
1.0,-0.5434
2.0,0.0
1.0,0.34
1.0,0.0
1.0,0.2023
1.0,-0.8828
4.0,0.3818
0.0,-0.3612
2.0,0.4549
1.0,0.4404
1.0,-0.9217
1.0,-0.8074
1.0,0.0
1.0,-0.4767
1.0,-0.2924
0.0,0.4588
0.0,0.25
1.0,0.4019
0.0,0.25
0.0,0.6983
0.0,-0.9485
2.0,0.0
1.0,0.0
1.0,-0.9062
1.0,0.7184
1.0,0.0
5.0,-0.3999
1.0,0.0
1.0,0.6133
1.0,0.0
1.0,0.7003
9.0,-0.0754
1.0,0.0
1.0,0.0
2.0,0.0
1.0,-0.8176
8.0,0.0
7.0,0.6597
1.0,-0.3818
1.0,0.0072
2.0,0.4588
0.0,0.6705
6.0,0.0
1.0,0.0
1.0,0.34
3.0,0.0
7.0,0.8481
6.0,0.584
6.0,0.7351
5.0,0.7351
1.0,-0.3612
1.0,0.6597
2.0,-0.0987
1.0,-0.3612
1.0,0.7717
6.0,0.296
6.0,0.0
3.0,-0.2023
5.0,-0.2263
1.0,0.25
1.0,0.0
1.0,0.0
20.0,-0.5696
1.0,0.8555
12.0,0.0
14.0,-0.9274
1.0,0.0
1.0,0.0
1.0,0.0
0.0,-0.0062
1.0,0.4019
2.0,-0.2927
3.0,-0.4588
3.0,0.1531
3.0,-0.8425
4.0,-0.7717
5.0,-0.4404
2.0,-0.3182
-1.0,-0.25
-1.0,0.0
0.0,0.0
2.0,0.0
4.0,0.0
3.0,0.3804
-1.0,0.1779
1.0,0.0
3.0,-0.6808
2.0,-0.5106
5.0,-0.7828
9.0,0.8631
1.0,-0.296
0.0,0.9394
1.0,0.0
1.0,-0.0649
2.0,-0.1027
1.0,-0.1779
1.0,-0.296
1.0,-0.1779
3.0,0.8779
0.0,-0.5267
7.0,0.4404
1.0,0.6808
1.0,0.743
1.0,-0.3612
4.0,-0.5719
3.0,-0.0534
0.0,0.3612
5.0,0.8356
3.0,0.7506
0.0,0.3182
6.0,-0.0772
9.0,0.0
0.0,0.9413
3.0,0.5994
2.0,0.0
2.0,0.0
1.0,0.0
1.0,-0.0258
1.0,-0.128
3.0,0.4215
3.0,0.3182
1.0,0.0
5.0,-0.7096
9.0,-0.4993
6.0,-0.4588
3.0,0.4404
5.0,-0.4019
37.0,-0.1531
1.0,0.8383
4.0,0.9246
2.0,0.802
1.0,0.4922
1.0,-0.128
2.0,0.5719
22.0,0.8126
1.0,0.0
0.0,0.0
2.0,0.6249
1.0,0.7003
3.0,0.0772
1.0,-0.4588
12.0,-0.9081
5.0,0.4019
3.0,0.5574
3.0,0.0
5.0,0.0
-3.0,0.4215
2.0,-0.34
2.0,-0.5423
0.0,0.0
1.0,0.6808
1.0,-0.7351
1.0,-0.8176
15.0,0.0
1.0,0.6697
1.0,0.9274
1.0,0.0
3.0,-0.0041
2.0,0.0
2.0,0.3182
2.0,0.8836
1.0,0.0
2.0,0.0
17.0,-0.9517
2.0,0.0
3.0,0.5719
1.0,0.3818
2.0,-0.1511
1.0,0.8794
1.0,0.3321
1.0,-0.25
5.0,0.0
6.0,-0.128
13.0,0.0
1.0,-0.5106
3.0,0.0
6.0,0.0
2.0,0.8834
1.0,0.0
3.0,-0.3182
1.0,0.4939
2.0,0.0
6.0,0.5906
3.0,0.0
1.0,-0.8885
1.0,0.357
1.0,-0.0258
1.0,-0.3818
1.0,-0.4939
-1.0,0.4019
5.0,-0.6705
5.0,-0.5719
1.0,-0.0772
1.0,0.0
1.0,-0.2755
0.0,-0.6908
1.0,-0.8126
1.0,-0.7269
1.0,0.6369
1.0,-0.1877
0.0,0.7003
1.0,-0.4588
1.0,0.0
1.0,0.0
0.0,-0.9231
3.0,-0.9589
4.0,0.2023
1.0,-0.0516
2.0,0.0
0.0,-0.6597
0.0,0.0
1.0,0.3182
1.0,-0.4215
10.0,-0.7906
5.0,0.9312
1.0,-0.982
1.0,0.0
1.0,0.6249
1.0,0.0
4.0,0.0
2.0,0.2263
5.0,0.0
-2.0,0.5773
9.0,-0.9501
1.0,0.0
1.0,-0.25
1.0,0.0
1.0,0.0
1.0,0.0
1.0,-0.5809
1.0,0.0
1.0,0.296
1.0,-0.2732
2.0,-0.0258
1.0,-0.6486
2.0,0.7783
1.0,0.0
1.0,-0.936
1.0,-0.4767
1.0,-0.5423
1.0,0.0
2.0,-0.961
1.0,-0.5267
1.0,0.6131
1.0,0.0
0.0,-0.0936
0.0,0.2081
0.0,-0.6499
1.0,0.8209
0.0,-0.6478
1.0,-0.5556
0.0,0.6172
1.0,0.7745
3.0,0.5267
1.0,0.0
2.0,0.4019
1.0,0.0
0.0,0.2427
6.0,0.6808
0.0,0.5919
4.0,-0.6423
0.0,-0.8316
6.0,0.8777
2.0,-0.6356
1.0,-0.5875
5.0,0.9853
6.0,0.0
3.0,0.0
0.0,0.0
1.0,0.296
1.0,0.6486
6.0,0.9493
1.0,0.5994
1.0,-0.1531
1.0,0.6124
0.0,-0.5574
3.0,0.0
29.0,-0.25
1.0,-0.7783
1.0,0.1779
1.0,0.8591
1.0,-0.8625
2.0,0.0
1.0,0.4588
1.0,-0.6908
0.0,0.9186
2.0,0.9201
0.0,0.8785
1.0,0.0
2.0,0.0
2.0,-0.9632
1.0,0.0
17.0,0.0
1.0,0.3975
1.0,-0.7269
1.0,-0.3818
1.0,0.6249
1.0,0.0
1.0,0.7339
1.0,-0.6808
1.0,-0.6908
1.0,0.0
1.0,0.6808
1.0,0.8823
1.0,0.7003
1.0,0.3612
1.0,0.3182
2.0,-0.9608
1.0,-0.6597
2.0,-0.3182
-2.0,0.886
1.0,0.0
2.0,0.0
3.0,-0.2732
4.0,0.0
1.0,0.3818
0.0,0.3818
1.0,0.0
1.0,0.802
1.0,0.0
1.0,0.0
1.0,-0.6369
1.0,0.0
1.0,0.0
1.0,-0.4767
1.0,-0.3182
2.0,-0.128
1.0,0.4201
1.0,0.8625
1.0,-0.128
13.0,0.0
1.0,0.0258
-1.0,0.1027
2.0,0.0
3.0,-0.4767
6.0,-0.6979
15.0,-0.5367
2.0,0.0
2.0,0.5423
10.0,-0.2263
2.0,-0.3182
10.0,0.5267
2.0,0.0
1.0,0.5801
1.0,0.1027
1.0,0.0
2.0,0.8555
1.0,0.3412
1.0,0.5423
3.0,0.765
3.0,0.5423
2.0,0.5267
1.0,0.8925
1.0,-0.4456
1.0,-0.5086
1.0,0.128
1.0,-0.3612
1.0,0.0
1.0,0.0
1.0,-0.3818
2.0,0.4019
1.0,-0.5574
1.0,-0.7906
2.0,0.0
2.0,-0.5106
2.0,0.0972
2.0,0.3818
5.0,0.0
4.0,0.9689
7.0,0.0
5.0,0.8591
8.0,0.768
9.0,0.8885
3.0,0.7478
4.0,-0.2023
4.0,0.0
-1.0,0.3612
10.0,-0.0516
1.0,0.5859
1.0,0.0
3.0,0.4404
4.0,0.0
2.0,0.8225
12.0,-0.4019
-12.0,-0.2732
10.0,0.0
0.0,0.7783
2.0,0.0
1.0,-0.5423
2.0,0.5106
1.0,0.128
1.0,-0.3612
3.0,0.0
3.0,0.0
25.0,0.0
1.0,0.6124
0.0,0.128
1.0,0.0
1.0,0.3612
1.0,0.5106
5.0,-0.0772
3.0,-0.3818
1.0,0.7134
3.0,0.2023
11.0,0.5267
1.0,-0.6369
1.0,0.1511
1.0,-0.296
2.0,-0.4588
1.0,-0.4215
1.0,0.4019
1.0,-0.3724
1.0,0.875
1.0,0.0
1.0,-0.34
2.0,0.4019
1.0,-0.6734
1.0,-0.3875
2.0,0.0
2.0,0.0
1.0,0.0
1.0,-0.3182
1.0,-0.3182
1.0,0.1027
1.0,0.8625
3.0,-0.3818
1.0,0.1969
3.0,0.4215
5.0,-0.0258
4.0,0.0
9.0,0.0
1.0,0.0
0.0,-0.0258
2.0,-0.25
1.0,0.8486
1.0,-0.4151
3.0,0.9106
1.0,-0.5267
1.0,0.4019
0.0,0.4019
1.0,-0.2023
1.0,-0.4902
2.0,0.296
1.0,0.0
-2.0,0.6597
1.0,-0.5267
0.0,-0.1531
3.0,-0.5106
2.0,0.0
2.0,0.0
2.0,0.0
-3.0,-0.8394
0.0,-0.34
6.0,0.6597
3.0,0.0
5.0,0.6705
23.0,0.2023
2.0,0.4005
1.0,0.9695
1.0,0.0
2.0,0.2732
2.0,0.4404
0.0,0.7096
4.0,0.8872
-2.0,0.8947
4.0,0.8636
3.0,-0.7184
2.0,-0.9512
3.0,-0.921
0.0,-0.883
6.0,-0.5301
-4.0,0.0258
7.0,0.308
-2.0,-0.5423
8.0,-0.5267
7.0,-0.9371
8.0,0.6759
1.0,0.296
1.0,-0.101
0.0,0.4469
0.0,0.0
1.0,-0.5994
1.0,0.4019
1.0,0.0
0.0,-0.8975
2.0,0.6604
1.0,0.3013
1.0,0.5286
2.0,-0.4442
2.0,-0.5574
1.0,-0.7123
1.0,0.6369
2.0,-0.8213
2.0,-0.5334
0.0,-0.2363
1.0,0.0
2.0,0.0
1.0,0.0
1.0,0.0
1.0,0.4767
0.0,0.6808
1.0,0.296
3.0,0.4019
0.0,0.6597
21.0,0.7783
1.0,-0.7351
2.0,-0.34
1.0,0.3818
1.0,-0.5859
2.0,0.8834
3.0,-0.6808
1.0,0.1531
1.0,0.6801
6.0,0.0
0.0,-0.7717
1.0,0.0
2.0,-0.6249
1.0,0.0
-2.0,0.0
4.0,0.0258
6.0,0.7548
1.0,0.7409
1.0,-0.9021
1.0,0.7968
4.0,-0.0714
2.0,0.9841
8.0,0.9844
1.0,0.6808
5.0,0.6597
1.0,-0.9618
2.0,0.1027
1.0,0.0516
1.0,0.872
3.0,-0.9946
0.0,-0.6534
3.0,-0.7548
3.0,0.0
-1.0,-0.8979
-1.0,-0.9439
1.0,0.0
2.0,-0.3923
1.0,-0.0258
-1.0,0.6727
0.0,0.1779
3.0,0.2023
2.0,-0.6486
4.0,-0.8225
2.0,0.4215
2.0,0.128
5.0,-0.2263
3.0,0.2732
5.0,0.0
6.0,-0.9287
2.0,0.5574
2.0,0.8074
-1.0,-0.34
2.0,0.9321
2.0,0.8407
2.0,0.4754
0.0,0.0
1.0,0.4754
2.0,-0.1376
1.0,0.4215
5.0,0.8336
3.0,0.8683
1.0,0.6369
3.0,0.8316
1.0,0.0
1.0,0.0
1.0,0.0
17.0,0.4215
1.0,0.296
1.0,0.5423
2.0,0.7096
2.0,0.3182
0.0,0.0
-1.0,-0.7184
2.0,-0.2263
1.0,-0.5994
1.0,0.7903
0.0,-0.567
2.0,0.4019
1.0,0.7807
0.0,0.0
-1.0,0.0
2.0,-0.6025
1.0,0.3182
1.0,-0.1027
2.0,0.0
2.0,-0.8667
1.0,0.5719
2.0,0.4019
1.0,0.0258
3.0,0.0
5.0,0.7717
1.0,0.0
1.0,0.5719
5.0,0.4019
1.0,0.296
5.0,-0.296
3.0,0.0
16.0,-0.9349
1.0,0.0
1.0,-0.836
1.0,-0.802
3.0,0.7717
16.0,0.0
1.0,0.0
1.0,0.4215
1.0,0.2732
2.0,0.3182
3.0,0.296
4.0,-0.8481
1.0,0.0
16.0,0.6124
2.0,-0.2411
1.0,0.0
1.0,-0.6908
1.0,0.0
1.0,0.0
1.0,0.0
1.0,0.5994
1.0,0.0
1.0,-0.1027
1.0,0.0
3.0,0.3612
5.0,0.7906
15.0,-0.5994
1.0,-0.5423
1.0,0.3523
2.0,0.6249
1.0,-0.2263
1.0,0.8689
1.0,0.946
1.0,0.0
1.0,0.0516
1.0,0.0
1.0,-0.4767
0.0,-0.9737
1.0,-0.8979
0.0,0.5286
1.0,-0.8761
0.0,-0.1779
1.0,-0.4787
0.0,0.0675
1.0,-0.1779
0.0,-0.8072
1.0,-0.0263
0.0,-0.3173
1.0,0.2023
0.0,-0.8169
1.0,-0.2023
0.0,0.5679
1.0,-0.8745
0.0,-0.9615
1.0,-0.7096
0.0,0.7937
1.0,-0.1027
1.0,0.0
1.0,-0.4215
0.0,-0.6293
1.0,0.0
1.0,-0.4019
1.0,-0.3182
1.0,0.0
1.0,-0.3182
1.0,0.5719
2.0,-0.743
1.0,0.4215
0.0,0.7506
3.0,0.9601
2.0,0.0
-2.0,-0.7452
3.0,-0.0258
2.0,0.5267
-2.0,-0.7801
-6.0,-0.25
4.0,-0.5695
-4.0,0.5653
4.0,-0.3182
6.0,-0.4404
0.0,0.5719
2.0,-0.1531
-5.0,0.6644
9.0,-0.3818
5.0,0.765
10.0,-0.386
9.0,-0.7467
1.0,0.3182
1.0,0.5106
1.0,0.8486
1.0,-0.0772
1.0,-0.8481
2.0,-0.1531
1.0,0.9175
1.0,0.3612
1.0,0.4588
2.0,0.7003
2.0,-0.34
1.0,-0.9698
2.0,-0.4939
1.0,0.6997
1.0,0.6808
2.0,-0.4939
2.0,0.0
2.0,0.4215
1.0,0.0
1.0,-0.3434
2.0,0.6597
1.0,-0.4023
3.0,-0.8238
1.0,0.1779
2.0,-0.6486
2.0,0.6705
0.0,-0.3412
2.0,0.0
11.0,-0.8765
3.0,-0.9442
11.0,-0.6486
1.0,0.0
1.0,0.0
2.0,0.0
1.0,0.0
2.0,0.0
1.0,0.8979
2.0,0.0
1.0,0.2732
2.0,-0.6486
2.0,0.0
6.0,0.9773
1.0,-0.7003
1.0,-0.3182
2.0,0.0
1.0,0.6834
2.0,-0.4019
1.0,0.0498
2.0,-0.7003
1.0,0.0
2.0,-0.5106
5.0,0.0
-3.0,0.3612
5.0,0.2023
-4.0,0.0
7.0,-0.9112
-5.0,-0.4588
25.0,0.8555
1.0,0.0
1.0,0.4404
2.0,-0.7003
1.0,-0.9128
1.0,-0.2263
1.0,-0.7096
1.0,0.3387
1.0,0.6327
1.0,0.3182
1.0,0.4588
1.0,0.4588
1.0,-0.5729
1.0,0.6428
1.0,0.8176
2.0,0.4404
1.0,0.0057
1.0,0.4019
1.0,0.0
1.0,0.0
1.0,0.0
1.0,-0.0258
1.0,0.9586
2.0,0.3612
2.0,0.3612
3.0,0.0
4.0,0.0
8.0,0.0772
1.0,-0.8662
2.0,0.6124
1.0,-0.7506
1.0,-0.2732
1.0,0.286
2.0,-0.7579
3.0,0.0
-2.0,0.2748
6.0,-0.8679
-1.0,-0.9779
-2.0,0.87
5.0,0.4215
-5.0,-0.9801
3.0,0.296
3.0,0.4404
1.0,-0.7845
13.0,0.3818
-9.0,0.0258
10.0,-0.8051
0.0,-0.886
1.0,0.7906
1.0,0.7964
12.0,0.0
1.0,-0.9928
1.0,-0.8979
1.0,0.4767
0.0,0.5267
1.0,-0.5267
1.0,-0.9803
1.0,-0.34
1.0,0.0
2.0,-0.3818
1.0,-0.4767
1.0,-0.5106
2.0,0.5187
1.0,0.0
1.0,0.3612
1.0,-0.34
2.0,0.5574
1.0,-0.4417
1.0,0.5696
1.0,0.0
2.0,-0.3818
3.0,0.0
1.0,-0.296
3.0,-0.8442
1.0,0.0
2.0,0.5095
4.0,-0.4404
-1.0,0.6597
5.0,-0.5132
6.0,-0.7096
2.0,-0.5574
1.0,-0.8689
1.0,0.5106
1.0,0.0
0.0,-0.4717
1.0,-0.4767
-3.0,-0.4019
1.0,0.6124
1.0,0.0
1.0,0.0
29.0,0.7096
1.0,-0.4215
1.0,-0.5423
2.0,0.128
2.0,-0.5046
2.0,0.0772
2.0,0.0
1.0,0.0
1.0,0.0
1.0,0.0
1.0,0.1531
1.0,0.0
1.0,0.4215
1.0,0.0
1.0,0.0
1.0,0.2716
1.0,0.0
3.0,0.6486
0.0,-0.9205
1.0,0.0
2.0,-0.7717
1.0,0.0
1.0,-0.5267
1.0,0.9815
1.0,0.0
1.0,0.0
1.0,0.0
-2.0,0.0
3.0,-0.4767
14.0,0.7003
1.0,0.0
1.0,0.0
1.0,0.0
1.0,0.0
1.0,-0.5106
1.0,0.0
1.0,0.4215
1.0,0.0
0.0,0.0
1.0,0.0
0.0,0.3612
1.0,0.0
0.0,0.765
1.0,0.0
0.0,0.5106
1.0,0.0
0.0,0.765
1.0,0.5851
1.0,-0.5267
1.0,0.936
1.0,0.8316
1.0,0.6808
1.0,0.2023
1.0,0.0
1.0,0.6124
1.0,0.3612
3.0,-0.8271
1.0,0.0
1.0,-0.5423
1.0,-0.5423
1.0,0.4019
1.0,0.0
1.0,0.7003
1.0,0.8885
1.0,0.5106
1.0,0.5106
1.0,-0.4019
3.0,-0.3178
1.0,-0.7003
4.0,-0.6901
3.0,0.4019
15.0,0.4404
1.0,0.431
1.0,-0.5719
2.0,-0.9801
1.0,0.4588
1.0,-0.5574
2.0,-0.9232
1.0,-0.9287
1.0,0.9383
1.0,0.7269
1.0,0.4939
2.0,-0.802
3.0,-0.0956
0.0,-0.223
7.0,-0.5994
3.0,0.8882
1.0,0.7579
3.0,-0.079
1.0,-0.2944
5.0,0.8007
-2.0,0.7026
7.0,0.1531
2.0,0.8834
-1.0,0.0
-1.0,-0.4215
3.0,-0.7063
5.0,0.7556
-4.0,0.5719
1.0,0.0
5.0,0.0
3.0,0.6369
0.0,0.7351
1.0,-0.5106
12.0,0.5106
1.0,-0.5106
2.0,-0.1531
1.0,-0.8519
1.0,0.0
3.0,-0.8658
2.0,0.4404
1.0,-0.624
1.0,0.7328
3.0,0.3612
4.0,0.0
0.0,0.4215
3.0,0.0
5.0,-0.1027
-5.0,-0.296
1.0,-0.7184
0.0,-0.9022
1.0,-0.6261
1.0,0.0
1.0,0.6249
1.0,0.0
1.0,0.1615
1.0,0.8176
2.0,0.8957
1.0,0.3818
0.0,0.4404
1.0,-0.4939
1.0,-0.0258
1.0,-0.0258
1.0,0.0
1.0,0.8261
1.0,-0.1531
2.0,0.4019
1.0,0.4939
1.0,0.0
2.0,0.3612
1.0,-0.4215
1.0,0.0
1.0,0.6433
3.0,0.0195
2.0,-0.875
1.0,0.7351
1.0,-0.34
1.0,0.0
1.0,-0.7506
3.0,0.0
1.0,0.0
1.0,0.0
1.0,0.0
3.0,0.0
2.0,0.0
0.0,0.5719
-1.0,0.0
1.0,0.0
2.0,0.0
4.0,-0.128
1.0,0.0
1.0,0.8271
1.0,-0.5709
1.0,0.0
1.0,-0.128
1.0,0.0
1.0,-0.802
1.0,0.7096
1.0,-0.6312
1.0,0.0
1.0,-0.4767
1.0,0.8126
0.0,0.5267
6.0,-0.7003
12.0,-0.95
-1.0,0.4767
-1.0,0.0
2.0,-0.0258
7.0,-0.5688
1.0,0.5859
1.0,0.5859
1.0,-0.8492
1.0,-0.5759
1.0,0.5106
1.0,-0.0516
1.0,-0.0258
1.0,-0.8176
1.0,-0.6249
1.0,0.8316
1.0,-0.25
1.0,0.73
1.0,0.0
1.0,-0.3612
1.0,0.6628
2.0,0.5423
1.0,-0.5267
2.0,-0.7269
2.0,-0.886
1.0,0.6808
2.0,0.5994
3.0,0.2732
1.0,0.3612
2.0,0.0
1.0,0.5859
2.0,0.4404
1.0,0.0108
2.0,0.0
1.0,0.0
2.0,0.4767
1.0,0.3818
2.0,-0.34
1.0,0.0
1.0,0.3182
0.0,0.34
1.0,0.9533
0.0,-0.3182
1.0,-0.0284
1.0,-0.9391
1.0,0.9045
0.0,0.0
1.0,0.8425
1.0,0.0
1.0,0.802
1.0,0.687
1.0,0.0
1.0,-0.1779
2.0,0.948
1.0,-0.9128
3.0,0.5423
1.0,-0.9413
-1.0,-0.6124
1.0,-0.5423
2.0,0.4404
1.0,-0.4019
1.0,-0.7859
4.0,0.4404
8.0,-0.9081
1.0,0.0
1.0,0.2584
3.0,-0.7186
-6.0,0.7562
1.0,0.4215
5.0,-0.9709
1.0,-0.0772
1.0,0.0
1.0,0.4588
1.0,0.1027
1.0,0.7003
1.0,-0.0258
1.0,-0.4767
1.0,-0.3164
1.0,0.3753
2.0,-0.8803
0.0,0.5574
1.0,-0.9556
1.0,0.0
2.0,-0.5267
1.0,0.0
2.0,0.0
2.0,0.0
3.0,0.2023
0.0,0.0
1.0,0.3612
2.0,-0.7269
0.0,-0.2023
3.0,-0.8519
2.0,-0.5719
1.0,-0.34
0.0,0.0
3.0,0.4215
2.0,0.3182
2.0,0.4215
1.0,-0.0083
2.0,-0.0772
3.0,-0.6369
3.0,0.0
2.0,-0.5423
1.0,-0.34
2.0,-0.6124
0.0,0.0
1.0,0.0
1.0,0.0
0.0,-0.6369
0.0,0.4019
0.0,0.9712
2.0,0.8977
7.0,0.0
21.0,-0.7328
36.0,-0.9806
7.0,0.9022
7.0,0.9022
0.0,0.6597
2.0,0.0
0.0,-0.9153
2.0,0.3612
6.0,0.0
22.0,0.029
4.0,-0.9432
9.0,0.886
28.0,0.6318
9.0,0.9153
4.0,0.5574
13.0,0.8296
10.0,0.0
0.0,-0.9153
8.0,0.0
20.0,0.0
5.0,0.4939
20.0,0.34
14.0,-0.6597
6.0,0.8481
4.0,-0.4973
8.0,0.0
7.0,0.0
1.0,0.0
9.0,-0.7184
0.0,0.9768
6.0,0.6808
3.0,-0.93
2.0,0.1969
4.0,-0.7351
6.0,-0.8316
9.0,-0.4215
4.0,0.0
2.0,0.1531
6.0,0.34
6.0,-0.7351
6.0,0.3026
3.0,-0.7003
7.0,-0.4215
5.0,0.0
4.0,-0.7906
17.0,0.0
5.0,0.1531
15.0,0.0
1.0,-0.8987
8.0,0.7351
16.0,-0.0104
13.0,0.7506
16.0,0.0
7.0,-0.9545
7.0,-0.9349
24.0,0.0
6.0,0.5448
3.0,0.9325
9.0,0.4306
8.0,-0.7906
13.0,0.8689
12.0,-0.802
10.0,0.802
6.0,0.0
14.0,0.0
15.0,-0.6597
3.0,-0.8316
7.0,0.25
8.0,-0.7272
14.0,0.0
5.0,0.0
19.0,-0.7783
0.0,-0.6369
6.0,-0.8402
3.0,0.0
9.0,-0.9531
6.0,-0.6597
2.0,0.0
11.0,-0.3818
6.0,0.0
18.0,0.0
2.0,0.4939
10.0,-0.4215
4.0,-0.6369
4.0,0.0
4.0,0.7906
5.0,-0.4939
6.0,0.9628
4.0,0.765
16.0,-0.4588
2.0,-0.6124
6.0,-0.9246
5.0,-0.7351
3.0,-0.8316
8.0,0.6597
5.0,0.0
8.0,0.0
7.0,0.5267
4.0,0.0
5.0,0.8316
6.0,0.0
3.0,0.5574
3.0,-0.9618
13.0,0.0
11.0,0.0
7.0,-0.4696
2.0,0.8225
7.0,0.6597
2.0,0.93
2.0,0.4588
7.0,0.0
5.0,-0.7351
6.0,0.0
5.0,0.0
6.0,-0.7506
4.0,0.0
3.0,0.6597
0.0,-0.296
10.0,-0.7783
7.0,-0.5574
2.0,0.9517
9.0,0.9371
4.0,0.2023
4.0,-0.8625
0.0,0.8524
3.0,0.4939
13.0,-0.5859
3.0,-0.6106
12.0,0.0
6.0,-0.8225
3.0,-0.6597
3.0,0.0
2.0,-0.802
3.0,-0.25
15.0,0.2023
0.0,-0.7351
1.0,0.0
13.0,-0.9501
3.0,-0.6597
1.0,0.0
11.0,0.6124
4.0,0.0
12.0,0.0
19.0,0.0
4.0,0.6808
1.0,-0.6369
9.0,-0.8957
5.0,-0.7906
3.0,0.0
15.0,0.0
13.0,-0.802
10.0,-0.93
8.0,0.6124
2.0,-0.1531
2.0,0.0
14.0,0.0516
7.0,0.0
7.0,0.7184
3.0,0.0
7.0,-0.4939
11.0,0.0
6.0,0.0
3.0,-0.6369
6.0,-0.8957
10.0,-0.25
8.0,-0.4106
2.0,-0.8819
2.0,-0.9818
10.0,0.0516
24.0,0.0
4.0,-0.7351
9.0,0.8012
2.0,-0.9638
3.0,-0.7506
11.0,-0.8689
2.0,0.8555
30.0,0.7351
1.0,0.7783
3.0,0.5267
9.0,-0.296
1.0,0.3818
3.0,0.0
16.0,0.0
5.0,-0.8625
2.0,0.0
2.0,0.6124
4.0,0.0
10.0,-0.775
11.0,-0.9371
15.0,-0.6072
1.0,-0.3818
2.0,0.4963
20.0,-0.802
9.0,-0.7728
18.0,0.1531
3.0,0.5859
2.0,0.7003
7.0,-0.8316
2.0,0.5267
2.0,0.4588
8.0,0.0
3.0,0.6597
10.0,-0.4215
6.0,0.0
24.0,0.8126
2.0,0.1531
20.0,-0.5574
4.0,0.5532
15.0,-0.2023
13.0,-0.5656
5.0,0.0516
6.0,-0.25
4.0,0.0
2.0,-0.8689
13.0,-0.34
4.0,0.2023
2.0,0.593
7.0,0.296
0.0,0.6124
23.0,0.0
3.0,-0.8322
46.0,0.0
0.0,-0.9274
50.0,-0.802
8.0,0.0
6.0,-0.7599
1.0,-0.9559
0.0,-0.0516
2.0,-0.7351
7.0,0.0
2.0,-0.9345
4.0,-0.7059
0.0,0.6124
2.0,0.765
4.0,0.7906
0.0,-0.9628
4.0,0.0
4.0,-0.4717
3.0,-0.7783
14.0,0.8689
1.0,0.7003
0.0,-0.6124
15.0,0.6369
20.0,0.0
4.0,0.6124
1.0,-0.3818
0.0,-0.9042
8.0,0.0
3.0,-0.6369
3.0,-0.7774
2.0,0.7351
0.0,0.8126
5.0,0.0
5.0,0.6808
0.0,-0.6808
2.0,0.0
0.0,0.9001
1.0,0.5707
7.0,0.0
0.0,-0.9545
4.0,-0.7906
8.0,0.0
10.0,0.0
3.0,0.8155
0.0,-0.8234
6.0,-0.5859
4.0,0.5574
7.0,0.0
0.0,0.0
2.0,0.0
3.0,-0.8225
9.0,0.0
7.0,0.0
2.0,0.9246
9.0,-0.2023
8.0,-0.891
6.0,0.9186
14.0,-0.8625
5.0,0.0
5.0,-0.6196
0.0,0.8126
7.0,-0.9776
4.0,0.6597
4.0,0.0
11.0,0.5574
2.0,0.0
13.0,0.0
4.0,-0.5919
0.0,0.9485
5.0,-0.9189
1.0,0.0
0.0,0.0
1.0,0.7906
2.0,-0.4215
0.0,0.6124
0.0,-0.4939
3.0,0.4973
26.0,0.765
1.0,-0.9902
1.0,-0.802
1.0,-0.802
1.0,-0.6597
2.0,-0.25
4.0,-0.802
3.0,-0.7906
3.0,-0.5267
2.0,-0.6369
1.0,0.765
0.0,0.0
3.0,0.6597
0.0,-0.4588
1.0,-0.2533
1.0,-0.8727
1.0,0.9002
1.0,-0.9153
1.0,-0.802
1.0,0.8957
3.0,0.0
1.0,0.0
1.0,-0.6124
1.0,-0.25
1.0,-0.8225
0.0,0.6124
1.0,-0.4215
0.0,-0.802
1.0,-0.9761
1.0,0.8078
1.0,0.0
1.0,-0.8625
1.0,0.2023
1.0,0.7506
1.0,0.0
1.0,0.9274
2.0,-0.6597
1.0,-0.9682
1.0,-0.7351
